Date,Gold,SP500,Gold_Return,SP500_Return,SP500_MA7,SP500_MA30,SP500_Vol
2024-03-04,2117.699951171875,5130.9501953125,0.014758757137097955,-0.0011932620709189656,5095.795689174107,4955.589339192708,0.006973128154131673
2024-03-05,2133.5,5078.64990234375,0.00746094781717388,-0.010193100883444606,5094.345703125,4965.536328125,0.007323919267340674
2024-03-06,2150.300048828125,5104.759765625,0.007874407700082076,0.005141103203274655,5099.378557477678,4976.233984375,0.007340982444149746
2024-03-07,2158.0,5157.35986328125,0.003580872900073251,0.010304127925951478,5110.68994140625,4989.27998046875,0.007397446632212133
2024-03-08,2178.60009765625,5123.68994140625,0.009545921064064045,-0.0065285190034379825,5118.394252232143,5000.70498046875,0.00758410261090778
2024-03-11,2182.5,5117.93994140625,0.0017900955517011763,-0.001122238087346461,5121.489955357143,5009.9759765625,0.00736837143561586
2024-03-12,2160.39990234375,5175.27001953125,-0.010126047036082442,0.011201787981366396,5126.945661272322,5020.803971354167,0.007562151110050114
2024-03-13,2175.39990234375,5165.31005859375,0.006943158988170106,-0.0019245297153407392,5131.854213169643,5030.82763671875,0.007597677654925885
2024-03-14,2163.0,5150.47998046875,-0.005700056495539285,-0.0028710915621273925,5142.115652901785,5039.371630859375,0.007608931648646922
2024-03-15,2157.300048828125,5117.08984375,-0.0026352062745608196,-0.006482917484461503,5143.877092633928,5046.908951822917,0.007745156555734717
2024-03-18,2160.699951171875,5149.419921875,0.0015759988257531,0.006318059504952345,5142.742815290178,5054.291943359375,0.007715199231670907
2024-03-19,2156.300048828125,5178.509765625,-0.002036331949451742,0.0056491496501236416,5150.57421875,5062.74326171875,0.007740989002116178
2024-03-20,2157.89990234375,5224.6201171875,0.0007419438294287151,0.008904173912846591,5165.814243861607,5075.375602213541,0.007074943196423172
2024-03-21,2182.39990234375,5241.52978515625,0.011353631358614003,0.0032365354015160275,5175.279924665178,5086.553597005209,0.006823114881969898
2024-03-22,2158.10009765625,5234.18017578125,-0.0111344417956597,-0.0014021878490156903,5185.118512834822,5095.739274088542,0.0066615367322793665
2024-03-25,2174.800048828125,5218.18994140625,0.007738265333480765,-0.0030549644525015296,5194.791364397322,5104.918603515625,0.00665817060612615
2024-03-26,2175.60009765625,5203.580078125,0.0003678723607516421,-0.002799795225030266,5207.147112165178,5113.2302734375,0.006710623328812252
2024-03-27,2190.60009765625,5248.490234375,0.006894649442312106,0.008630626525532925,5221.300013950893,5121.677945963542,0.006724147461623286
2024-03-28,2217.39990234375,5254.35009765625,0.012234001411838502,0.0011164855071790214,5232.134347098215,5130.225944010416,0.0067217999994131075
2024-04-01,2236.5,5243.77001953125,0.008613736131250604,-0.0020135845401164643,5234.870047433035,5137.464615885417,0.0067097483342026054
2024-04-02,2261.0,5205.81005859375,0.010954616588419341,-0.0072390590731691296,5229.767229352678,5143.596956380208,0.006882778490644036
2024-04-03,2294.39990234375,5211.490234375,0.014772181487726632,0.001091122364688113,5226.525809151785,5151.462972005208,0.006594418034051666
2024-04-04,2288.800048828125,5147.2099609375,-0.0024406615036484114,-0.012334336350379616,5216.385811941965,5156.976643880208,0.007066403554717185
2024-04-05,2325.699951171875,5204.33984375,0.016121942308871873,0.011099194174331695,5216.494349888393,5160.886979166667,0.006280994106870834
2024-04-08,2331.699951171875,5202.39013671875,0.0025798684808746586,-0.00037463099831791524,5209.908621651785,5164.673323567708,0.006284089966508144
2024-04-09,2343.5,5209.91015625,0.005060706383852809,0.0014454931932483817,5203.56005859375,5169.352669270834,0.006226025109107803
2024-04-10,2329.60009765625,5160.64013671875,-0.00593125766748448,-0.009456980649108493,5191.684361049107,5172.101334635417,0.0065053361553036254
2024-04-11,2354.800048828125,5199.06005859375,0.010817286278974603,0.007444797710585593,5190.720075334822,5176.411344401042,0.006609882655342352
2024-04-12,2356.199951171875,5123.41015625,0.000594488837575291,-0.01455068829580164,5178.13720703125,5177.316015625,0.007125530440973769
2024-04-15,2365.800048828125,5061.81982421875,0.00407439854647107,-0.01202135494776202,5165.938616071428,5174.807340494792,0.007304968272515532
2024-04-16,2390.800048828125,5051.41015625,0.010567249760766284,-0.0020565070133361507,5144.091517857143,5172.156005859375,0.00730963042489188
2024-04-17,2371.699951171875,5022.2099609375,-0.007988998354593546,-0.005780602724641426,5118.351492745535,5170.274674479167,0.007150413122807103
2024-04-18,2382.300048828125,5011.1201171875,0.004469409231556698,-0.002208160119998248,5089.952915736607,5167.153352864583,0.007081441571172928
2024-04-19,2398.39990234375,4967.22998046875,0.006758113245871167,-0.00875854812743615,5062.322893415178,5160.815690104167,0.006923437220797657
2024-04-22,2332.199951171875,5010.60009765625,-0.027601715254901182,0.008731248071466746,5035.400041852678,5157.046028645834,0.00707939685858085
2024-04-23,2327.699951171875,5070.5498046875,-0.0019295086588689836,0.011964576270872662,5027.848563058035,5155.466357421875,0.007447358707653744
2024-04-24,2324.5,5071.6298828125,-0.0013747266567858407,0.0002130100613548791,5029.25,5152.011686197917,0.007126316122199305
2024-04-25,2329.800048828125,5048.419921875,0.0022800812338674703,-0.004576430353515626,5028.822823660715,5148.115348307291,0.0071590493546367755
2024-04-26,2334.800048828125,5099.9599609375,0.002146106916992796,0.01020914263474304,5039.929966517857,5146.43134765625,0.007418272209331667
2024-04-29,2345.39990234375,5116.169921875,0.004539940591891556,0.0031784486665891176,5054.937081473215,5146.40068359375,0.007350084799467208
2024-04-30,2291.39990234375,5035.68994140625,-0.02302379220960915,-0.01573051358686217,5064.717075892857,5142.609684244791,0.007787929086944187
2024-05-01,2299.89990234375,5018.39013671875,0.0037095227207202264,-0.0034354388154940185,5065.829938616072,5137.27236328125,0.007708155482318288
2024-05-02,2299.199951171875,5064.2001953125,-0.00030433984155642246,0.009128437077573048,5064.9228515625,5131.925032552083,0.007718211726658384
2024-05-03,2299.0,5127.7900390625,-8.696554285025915e-05,0.012556739721478527,5072.945731026785,5128.133707682292,0.00807440335749843
2024-05-06,2321.60009765625,5180.740234375,0.009830403504240914,0.01032612390701182,5091.8486328125,5126.352376302083,0.008319418039410763
2024-05-07,2315.199951171875,5187.7001953125,-0.002756782484130804,0.0013434298232750663,5104.382952008928,5125.336051432291,0.008308097542915754
2024-05-08,2313.60009765625,5187.669921875,-0.0006910217473075075,-5.835618166138978e-06,5114.597237723215,5124.805712890625,0.008293154337721941
2024-05-09,2332.10009765625,5214.080078125,0.007996196066356154,0.005090947698625836,5140.08154296875,5123.658707682292,0.008189651240309926
2024-05-10,2367.300048828125,5222.68017578125,0.01509367081080737,0.001649398844549843,5169.265834263393,5122.603043619792,0.00819315278365477
2024-05-13,2336.10009765625,5221.419921875,-0.013179550765995973,-0.00024130405535727206,5191.725795200893,5121.858040364584,0.008185780198561666
2024-05-14,2353.39990234375,5246.68017578125,0.007405420985537647,0.004837813139759728,5208.710100446428,5123.220377604167,0.008119786855449215
2024-05-15,2388.699951171875,5308.14990234375,0.014999596453186603,0.011715927882596233,5226.911481584822,5126.442366536458,0.008383252390236592
2024-05-16,2380.0,5297.10009765625,-0.0036421280821004043,-0.0020816677921287052,5242.5400390625,5131.438704427083,0.008037669586304355
2024-05-17,2412.199951171875,5303.27001953125,0.013529391248686906,0.0011647735102702228,5259.054338727678,5134.736376953125,0.007808120713834536
2024-05-20,2433.89990234375,5308.1298828125,0.008995917258572517,0.0009163899374069473,5272.490025111607,5138.26103515625,0.007805794010480824
2024-05-21,2421.699951171875,5321.41015625,-0.005012511467758718,0.002501874243978186,5286.594308035715,5141.977701822917,0.007811651519795561
2024-05-22,2389.199951171875,5307.009765625,-0.013420324835978548,-0.002706123039226127,5298.821428571428,5146.856689453125,0.007602341369196717
2024-05-23,2335.0,5267.83984375,-0.022685397739645285,-0.0073807894850155265,5301.84423828125,5149.149348958334,0.0076480366524660885
2024-05-24,2332.5,5304.72021484375,-0.0010706638115631772,0.0070010425881694704,5301.354282924107,5155.193017578125,0.0071871153569152725
2024-05-28,2355.199951171875,5306.0400390625,0.009732026225884205,0.0002488018529340774,5302.631417410715,5163.33369140625,0.0067452090727153
2024-05-29,2340.300048828125,5266.9501953125,-0.006326385297492965,-0.007367046509680453,5297.44287109375,5170.518359375,0.006911934372224592
2024-05-30,2342.89990234375,5235.47998046875,0.0011109060639156176,-0.005975035585443322,5287.064313616072,5177.627360026042,0.006919003453774796
2024-05-31,2322.89990234375,5277.509765625,-0.008536429567474357,0.00802787620486467,5280.792829241072,5186.507014973959,0.006986466337110438
2024-06-03,2346.60009765625,5283.39990234375,0.010202848296901212,0.0011160825806737495,5277.419991629465,5197.046012369791,0.006701007429738559
2024-06-04,2325.5,5291.33984375,-0.00899177396153883,0.0015028090913065117,5280.777134486607,5206.40400390625,0.006582538135510206
2024-06-05,2354.10009765625,5354.02978515625,0.012298472438722952,0.011847649793331305,5287.821358816965,5215.853336588541,0.006576368203991208
2024-06-06,2370.300048828125,5352.9599609375,0.006881589779467623,-0.00019981663563317653,5294.524204799107,5225.231005859375,0.006580311858951938
2024-06-07,2305.199951171875,5346.990234375,-0.027464918497738466,-0.0011152197300303701,5305.95849609375,5235.183349609375,0.006494033816922348
2024-06-10,2307.699951171875,5360.7900390625,0.0010845046212710763,0.0025808546645145203,5323.859933035715,5243.877685546875,0.006305596530308717
2024-06-11,2307.5,5375.31982421875,-8.664522082846293e-05,0.0027103813151374556,5337.832798549107,5252.516015625,0.006302347483105747
2024-06-12,2336.0,5421.02978515625,0.012351029252437806,0.008503672791998707,5357.494210379465,5265.360677083333,0.005497109049085282
2024-06-13,2300.199951171875,5433.740234375,-0.015325363368204226,0.0023446558536817097,5377.837123325893,5279.205680338541,0.005382901310279181
2024-06-14,2331.39990234375,5431.60009765625,0.013564016969907167,-0.000393860697500914,5388.918596540178,5291.45234375,0.005268351329861197
2024-06-17,2312.39990234375,5473.22998046875,-0.008149610017955,0.007664386564552705,5406.100027901785,5302.967008463542,0.005010968242622627
2024-06-18,2330.39990234375,5487.02978515625,0.0077841207231310605,0.0025213273947457537,5426.105678013393,5313.17666015625,0.004770706906554431
2024-06-20,2353.800048828125,5473.169921875,0.010041257923518065,-0.0025259318472709014,5442.159946986607,5322.692317708334,0.004838858962036001
2024-06-21,2316.39990234375,5464.6201171875,-0.015889262345370136,-0.001562130321101196,5454.917131696428,5331.923990885417,0.004867129365231848
2024-06-24,2330.0,5447.8701171875,0.005871221822488115,-0.003065171894990004,5458.75146484375,5339.7169921875,0.004901549494360082
2024-06-25,2316.60009765625,5469.2998046875,-0.005751031048819688,0.003933590015736899,5463.831403459822,5347.937646484375,0.004922054673959437
2024-06-26,2299.199951171875,5477.89990234375,-0.007511070426863498,0.0015724312002203256,5470.445661272322,5356.486979166667,0.004910407671661124
2024-06-27,2324.5,5482.8701171875,0.011003848888927692,0.0009073212238914774,5471.822823660715,5364.359977213541,0.0048736497160803425
2024-06-28,2327.699951171875,5460.47998046875,0.0013766191318025367,-0.004083652583445674,5468.029994419643,5369.437646484375,0.004573876504142116
2024-07-01,2327.60009765625,5475.08984375,-4.289793260281449e-05,0.0026755639309195,5468.304268973215,5375.370638020833,0.004547403610721137
2024-07-02,2323.0,5509.009765625,-0.0019763264578318562,0.006195317856513505,5474.645647321428,5382.228629557291,0.004641191318300376
2024-07-03,2359.800048828125,5537.02001953125,0.015841605177841167,0.005084444409779065,5487.38134765625,5389.85830078125,0.0046920413482128475
2024-07-05,2388.5,5567.18994140625,0.012162026687865923,0.005448765178485582,5501.365652901785,5398.050960286459,0.004746033368361838
2024-07-08,2355.199951171875,5572.85009765625,-0.013941824922807156,0.0010166989647510949,5514.929966517857,5406.9123046875,0.0046800131041931205
2024-07-09,2360.10009765625,5576.97998046875,0.002080564956676856,0.0007410719362856977,5528.374232700893,5417.216975911459,0.004364388821543174
2024-07-10,2372.199951171875,5633.91015625,0.005126839123324123,0.010208065293514812,5553.149972098215,5428.189973958333,0.004529493321222659
2024-07-11,2415.0,5584.5400390625,0.01804234453633713,-0.008763028841120457,5568.785714285715,5437.473307291667,0.004931883464134425
2024-07-12,2414.0,5615.35009765625,-0.00041407867494824835,0.0055170270744306915,5583.977190290178,5449.086637369792,0.004667317093648415
2024-07-15,2422.89990234375,5631.22021484375,0.003686786389291541,0.0028262026252154904,5597.434361049107,5462.277978515625,0.004408565606132107
2024-07-16,2462.39990234375,5667.2001953125,0.016302778320222977,0.006389375498743188,5611.721540178572,5475.267659505208,0.004346682725560501
2024-07-17,2454.800048828125,5588.27001953125,-0.0030863603870319167,-0.013927543241993745,5613.924386160715,5485.429996744791,0.005268350923047495
2024-07-18,2451.800048828125,5544.58984375,-0.001222095462085404,-0.007816403936922511,5609.297223772322,5493.871663411458,0.005558434510689893
2024-07-19,2395.5,5505.0,-0.02296274072391602,-0.007140265531926926,5590.881487165178,5498.90400390625,0.005427841553953808
2024-07-22,2392.0,5564.41015625,-0.001461072844917588,0.01079203564940956,5588.005789620535,5505.95234375,0.005711703803762304
2024-07-23,2404.60009765625,5555.740234375,0.005267599354619623,-0.001558102589770738,5579.490094866072,5512.910677083333,0.00571875095287693
2024-07-24,2413.300048828125,5427.1298828125,0.0036180449216294264,-0.02314909375473495,5550.334333147322,5515.122005208334,0.007244786804245072
2024-07-25,2351.89990234375,5399.22021484375,-0.02544240054782676,-0.005142620237842288,5512.051478794643,5515.918684895833,0.007301409761437555
2024-07-26,2380.0,5459.10009765625,0.011947828914082192,0.011090468702846357,5493.5986328125,5517.1876953125,0.007417525262345308
2024-07-29,2377.300048828125,5463.5400390625,-0.0011344332654936728,0.0008133101292933098,5482.020089285715,5518.181022135416,0.007407947830253602
2024-07-30,2405.0,5436.43994140625,0.011651853196036122,-0.004960171878030217,5472.225795200893,5518.342350260416,0.007467434529801517
2024-07-31,2426.5,5522.2998046875,0.008939708939708968,0.0157933986591674,5466.210030691965,5519.978011067708,0.007888616047253072
2024-08-01,2435.0,5446.68017578125,0.0035029878425716365,-0.013693502993456064,5450.630022321428,5518.633024088542,0.00827896616790568
2024-08-02,2425.699951171875,5346.56005859375,-0.0038193219006673607,-0.018381860868696753,5439.120047433035,5514.4126953125,0.008913535891101877
2024-08-05,2401.699951171875,5186.330078125,-0.00989405140087729,-0.02996879838863975,5408.707170758928,5505.136360677084,0.01039024493148908
2024-08-06,2389.10009765625,5240.02978515625,-0.005246222996955541,0.010354085880061037,5377.411411830357,5498.208349609375,0.010615336613156948
2024-08-07,2390.5,5199.5,0.0005859538263479624,-0.007734647858502863,5339.69140625,5489.215022786459,0.010632954311937122
2024-08-08,2422.199951171875,5319.31005859375,0.01326080366947302,0.023042611519136447,5322.958565848215,5483.928694661458,0.011539796125552932
2024-08-09,2432.10009765625,5344.16015625,0.004087254018639186,0.004671676849538509,5297.510044642857,5479.305029296875,0.011580678258461445
2024-08-12,2462.39990234375,5344.39013671875,0.012458288504120008,4.303397765514916e-05,5282.897181919643,5475.435367838541,0.011564687904650746
2024-08-13,2466.699951171875,5434.43017578125,0.0017462837064086134,0.016847579753558328,5295.450055803572,5474.080045572917,0.011987004900948742
2024-08-14,2439.39990234375,5455.2099609375,-0.011067438021862053,0.0038237284285767004,5333.861467633928,5472.28671875,0.011951286436845909
2024-08-15,2453.10009765625,5543.22021484375,0.005616215405820579,0.016133247764330783,5377.174386160715,5472.493391927083,0.012287112273115389
2024-08-16,2498.60009765625,5554.25,0.018547958986048663,0.001989779357261412,5427.852957589285,5472.062060546875,0.012251469747972562
2024-08-19,2501.800048828125,5608.25,0.001280697609383985,0.009722284736913167,5469.130092075893,5473.242057291666,0.012378934424398545
2024-08-20,2511.300048828125,5597.1201171875,0.0037972658943907778,-0.0019845553982971165,5505.267229352678,5473.913395182291,0.012385475509489312
2024-08-21,2508.39990234375,5620.85009765625,-0.0011548387002693339,0.004239676828782013,5544.761509486607,5473.478059895833,0.012266446528910496
2024-08-22,2478.89990234375,5570.64013671875,-0.011760485229024398,-0.008932805548120926,5564.220075334822,5473.014729817708,0.012270665186006963
2024-08-23,2508.39990234375,5634.60986328125,0.011900440179980043,0.01148337085011919,5589.8486328125,5473.656722005208,0.01241088344220827
2024-08-26,2517.699951171875,5616.83984375,0.003707562266860087,-0.0031537266931381813,5600.36572265625,5473.177376302084,0.012415085386670386
2024-08-27,2516.0,5625.7998046875,-0.0006752000654739465,0.0015951960865450143,5610.587123325893,5471.79736328125,0.012360601906678726
2024-08-28,2501.0,5592.18017578125,-0.0059618441971383,-0.00597597320797616,5608.291434151785,5471.927701822917,0.012138690235245308
2024-08-29,2525.699951171875,5591.9599609375,0.009876030056727325,-3.937906806072977e-05,5607.554268973215,5473.506705729166,0.012046607112958818
2024-08-30,2493.800048828125,5648.39990234375,-0.012630123514453473,0.010093051774424433,5611.489955357143,5478.286702473958,0.012087735457404838
2024-09-03,2489.89990234375,5528.93017578125,-0.0015639371272799796,-0.02115107439771169,5605.531389508928,5477.104036458333,0.012585555043393587
2024-09-04,2493.39990234375,5520.06982421875,0.0014056789980614326,-0.0016025435809103872,5589.168526785715,5475.915022786458,0.012585730776468691
2024-09-05,2511.39990234375,5503.41015625,0.007219058596689809,-0.003018017615584734,5572.964285714285,5478.457698567709,0.011830535642636163
2024-09-06,2493.5,5408.419921875,-0.007127459998324093,-0.01726024985928465,5541.910016741072,5478.76435546875,0.012231084843571898
2024-09-09,2501.800048828125,5471.0498046875,0.003328674083868055,0.0115800702824842,5524.605678013393,5479.162679036458,0.012246531642912836
2024-09-10,2512.300048828125,5495.52001953125,0.004196978093800263,0.004472672652839682,5510.828543526785,5480.228678385417,0.012271609713043401
2024-09-11,2512.10009765625,5554.1298828125,-7.95888898574848e-05,0.010665025888896507,5497.361397879465,5484.151676432291,0.012373244519667285
2024-09-12,2551.199951171875,5595.759765625,0.015564608095077315,0.007495302358939249,5506.908482142857,5486.600341796875,0.012116327318272255
2024-09-13,2581.300048828125,5626.02001953125,0.011798407899162866,0.005407711405364557,5522.044224330357,5492.578336588542,0.011842897004880363
2024-09-16,2580.39990234375,5633.08984375,-0.00034871826883653423,0.0012566297656613212,5540.569893973215,5502.129329427084,0.011254257683396307
2024-09-17,2564.300048828125,5634.580078125,-0.006239286205599992,0.00026455008109871336,5572.878487723215,5517.07099609375,0.009533122477786949
2024-09-18,2570.699951171875,5618.259765625,0.0024957696922693895,-0.002896455862498093,5593.908482142857,5529.678662109375,0.009478387679042948
2024-09-19,2588.0,5713.64013671875,0.006729703643647111,0.01697685316676334,5625.068498883928,5546.816666666667,0.00964238622665452
2024-09-20,2619.89990234375,5702.5498046875,0.012326082822160078,-0.0019410273951238066,5646.271344866072,5559.591324869792,0.008920794433048468
2024-09-23,2626.5,5718.56982421875,0.002519217490082548,0.0028092730585327352,5663.815638950893,5572.071647135416,0.008910628492459981
2024-09-24,2651.199951171875,5732.93017578125,0.009404131418951023,0.0025111788443470395,5679.088518415178,5585.022981770833,0.008900477879208528
2024-09-25,2659.199951171875,5722.259765625,0.003017501564325231,-0.0018612489301417234,5691.827078683035,5594.617301432291,0.00849819628109422
2024-09-26,2669.89990234375,5745.3701171875,0.004023748258253246,0.00403867571712313,5707.654227120535,5604.289306640625,0.0085000894627108
2024-09-27,2644.300048828125,5738.169921875,-0.009588319582000904,-0.0012532169669905446,5724.784249441965,5610.787630208333,0.008068335749605434
2024-09-30,2636.10009765625,5762.47998046875,-0.0031009911963315595,0.004236552581176722,5731.761369977678,5617.728629557291,0.008086476769918752
2024-10-01,2667.300048828125,5708.75,0.011835647363927837,-0.009324107094664358,5732.647112165178,5621.078629557292,0.008146577015979655
2024-10-02,2647.10009765625,5709.5400390625,-0.007573182919840549,0.00013839090212397487,5731.357142857143,5624.825960286458,0.008132341151066693
2024-10-03,2657.10009765625,5699.93994140625,0.003777718873892999,-0.001681413492255035,5726.644252232143,5627.462288411459,0.008115183488261674
2024-10-04,2645.800048828125,5751.06982421875,-0.004252774985064489,0.008970249395274354,5730.759974888393,5633.476611328125,0.008055824329803545
2024-10-07,2644.800048828125,5695.93994140625,-0.00037795751059988003,-0.009586022165882668,5723.698521205357,5635.520947265625,0.00803728879450699
2024-10-08,2615.0,5751.1298828125,-0.011267410873396222,0.009689347495581924,5725.549944196428,5639.997281901042,0.008182628220391518
2024-10-09,2606.0,5792.0400390625,-0.0034416826003823564,0.007113411987488272,5729.772809709822,5645.538623046875,0.008262282676228208
2024-10-10,2620.60009765625,5780.0498046875,0.005602493344685433,-0.002070122839989974,5739.95849609375,5651.800944010417,0.008178849254774115
2024-10-11,2657.60009765625,5815.02978515625,0.014118903541632033,0.006051847587953629,5755.028459821428,5659.236604817708,0.008224185536513932
2024-10-14,2647.800048828125,5859.85009765625,-0.003687555865447112,0.0077076668832223305,5777.872767857143,5666.284944661458,0.008147792850798146
2024-10-15,2661.39990234375,5815.259765625,0.005136284184919404,-0.007609466332438197,5787.042759486607,5675.829264322917,0.007181302931573853
2024-10-16,2674.0,5842.47021484375,0.004734387209210489,0.004679145956573816,5807.975655691965,5686.575944010417,0.007172979816340811
2024-10-17,2691.0,5841.47021484375,0.006357516828721099,-0.00017116047891174713,5820.881417410715,5697.844612630209,0.007124080842803469
2024-10-18,2713.699951171875,5864.669921875,0.00843550768185608,0.00397155273894878,5831.257114955357,5713.052945963542,0.00612835794304417
2024-10-21,2723.10009765625,5853.97998046875,0.003463959410956896,-0.0018227694906369774,5841.818568638393,5725.81728515625,0.005946113796991579
2024-10-22,2744.199951171875,5851.2001953125,0.007748467834063577,-0.0004748538883844189,5846.985770089285,5737.673291015625,0.005951656354586871
2024-10-23,2714.39990234375,5797.419921875,-0.010859284803718228,-0.009191323428069387,5838.067173549107,5745.782958984375,0.006070340253730654
2024-10-24,2734.89990234375,5809.85986328125,0.007552313858506743,0.002145772011323821,5837.295758928572,5752.91962890625,0.005964213010167185
2024-10-25,2740.89990234375,5808.1201171875,0.0021938645706405246,-0.00029944716993013376,5832.388602120535,5758.989632161459,0.005918511532546753
2024-10-28,2742.89990234375,5823.52001953125,0.0007296873549778038,0.0026514435020339455,5829.824288504465,5765.3373046875,0.005925427303667492
2024-10-29,2768.39990234375,5832.919921875,0.009296730069591863,0.001614127248163344,5825.28857421875,5771.9486328125,0.005923786179852892
2024-10-30,2788.5,5813.669921875,0.007260547018237196,-0.003300233889343751,5819.529994419643,5778.4623046875,0.005933796094973614
2024-10-31,2738.300048828125,5705.4501953125,-0.018002492799668257,-0.018614700871699585,5798.708565848215,5778.189306640625,0.006213269424849736
2024-11-01,2738.60009765625,5728.7998046875,0.0001095748540242969,0.004092509543626166,5788.905691964285,5779.064306640625,0.006246806986499637
2024-11-04,2736.10009765625,5712.68994140625,-0.0009128751591513939,-0.002812083478299976,5775.024274553572,5778.868310546875,0.006249281195342708
2024-11-05,2740.300048828125,5782.759765625,0.0015350137136695974,0.012265644545291332,5771.4013671875,5780.529296875,0.006627579894977239
2024-11-06,2667.60009765625,5929.0400390625,-0.026529923685898793,0.025295927786425976,5786.475655691965,5787.42197265625,0.008027600504631327
2024-11-07,2698.39990234375,5973.10009765625,0.01154588527514333,0.007431229727488331,5806.501395089285,5795.012972005208,0.008092382842467691
2024-11-08,2687.5,5995.5400390625,-0.004039394729551615,0.0037568333092317108,5832.482840401785,5803.591975911459,0.008088970147520606
2024-11-11,2611.199951171875,6001.35009765625,-0.028390715843023218,0.0009690634297987444,5874.754255022322,5811.554313151041,0.008072766434731454
2024-11-12,2600.0,5983.990234375,-0.004289197066983941,-0.00289265965137242,5911.210030691965,5820.728987630208,0.007861157588653437
2024-11-13,2580.800048828125,5985.3798828125,-0.007384596604567362,0.00023222772482434095,5950.165736607143,5829.923649088541,0.007860574372898428
2024-11-14,2568.199951171875,5949.169921875,-0.00488224481473154,-0.006049734794859041,5973.938616071428,5838.231315104166,0.007963315654969478
2024-11-15,2565.699951171875,5870.6201171875,-0.0009734444542992549,-0.013203489851361216,5965.592912946428,5842.216324869792,0.008265338481423681
2024-11-18,2610.60009765625,5893.6201171875,0.017500154865679907,0.003917814394541086,5954.238630022322,5848.8056640625,0.00804967240650177
2024-11-19,2627.10009765625,5916.97998046875,0.006320385881703361,0.003963584828470035,5943.015764508928,5854.334000651042,0.007907311030420482
2024-11-20,2648.199951171875,5917.10986328125,0.008031613844653007,2.195086225209586e-05,5930.9814453125,5858.502994791666,0.007823130132741092
2024-11-21,2672.10009765625,5948.7099609375,0.009025053593026078,0.0053404615405816536,5925.94140625,5864.125,0.007848234310714113
2024-11-22,2709.89990234375,5969.33984375,0.01414610355377599,0.003467959094991535,5923.649972098215,5869.268668619791,0.007804813717658845
2024-11-25,2616.800048828125,5987.3701171875,-0.034355458456271526,0.003020480305938378,5929.107142857143,5873.5193359375,0.007710235283003219
2024-11-26,2620.300048828125,6021.6298828125,0.0013375114394267307,0.005722005647630368,5950.679966517857,5880.39833984375,0.007595353868849887
2024-11-27,2639.89990234375,5998.740234375,0.007480003492115639,-0.003801238017440034,5965.697126116072,5885.607340494792,0.007618826771476103
2024-11-29,2657.0,6032.3798828125,0.00647755531983174,0.005607785488815242,5982.182826450893,5891.97099609375,0.0076635200636583035
2024-12-02,2634.89990234375,6047.14990234375,-0.008317688240967236,0.0024484564662998753,6000.759974888393,5898.053662109375,0.007648877468291012
2024-12-03,2644.699951171875,6049.8798828125,0.003719324904679633,0.0004514491145146682,6015.212820870535,5904.583658854167,0.007630671118018317
2024-12-04,2653.800048828125,6086.490234375,0.0034408809408483787,0.006051417924264779,6031.948590959822,5912.42666015625,0.00767635352410723
2024-12-05,2626.60009765625,6075.10986328125,-0.010249435025779796,-0.0018697756269248078,6044.482840401785,5921.682991536459,0.007442706130681104
2024-12-06,2638.60009765625,6090.27001953125,0.004568643704349062,0.0024954538421815275,6054.28857421875,5931.029996744792,0.007443884329950456
2024-12-09,2664.89990234375,6052.85009765625,0.009967332568076914,-0.006144213927296471,6062.0185546875,5939.187662760417,0.007570695073393897
2024-12-10,2697.60009765625,6034.91015625,0.012270703032313035,-0.002963883313944371,6062.380022321428,5946.234000651041,0.007608122132125091
2024-12-11,2733.800048828125,6084.18994140625,0.013419317119437668,0.008165786048233592,6067.671456473215,5954.60966796875,0.00771321604335368
2024-12-12,2687.5,6051.25,-0.016936150413770057,-0.005414022527810203,6067.8671875,5962.52900390625,0.007767432766646731
2024-12-13,2656.0,6051.08984375,-0.011720930232558158,-2.6466639124200775e-05,6062.809988839285,5974.050325520833,0.006799809540603881
2024-12-16,2651.39990234375,6074.080078125,-0.0017319644790098065,0.0037993543260221863,6062.662876674107,5985.55966796875,0.006796885996332009
2024-12-17,2644.39990234375,6050.60986328125,-0.002640114753648559,-0.003863994965801476,6056.997140066965,5996.823665364584,0.006825087444639435
2024-12-18,2636.5,5872.16015625,-0.0029874083480143643,-0.02949284635160343,6031.184291294643,5999.803678385417,0.008658539993481883
2024-12-19,2592.199951171875,5867.080078125,-0.016802597696994104,-0.0008651123249070469,6007.208565848215,5997.738346354166,0.007289239528244753
2024-12-20,2628.699951171875,5930.85009765625,0.014080703914641779,0.010869123768910471,5985.302873883928,5996.330013020834,0.007440816557761584
2024-12-23,2612.300048828125,5974.06982421875,-0.006238788240719106,0.007287273468533639,5974.277134486607,5995.614339192708,0.007533056840268604
2024-12-24,2620.0,6040.0400390625,0.002947575327470142,0.01104275925539211,5972.698590959822,5996.90400390625,0.007801708369535534
2024-12-26,2638.800048828125,6037.58984375,0.007175591155772931,-0.00040565878647391695,5967.485700334822,5998.690657552083,0.0077804142884755675
2024-12-27,2617.199951171875,5970.83984375,-0.008185575737669981,-0.011055736101235558,5956.089983258928,5998.205989583334,0.008053307618409338
2024-12-30,2606.10009765625,5906.93994140625,-0.0042411178827413964,-0.010701995701766776,5961.058523995535,5996.798323567708,0.008215983461617024
2024-12-31,2629.199951171875,5881.6298828125,0.008863762959987476,-0.004284800394927402,5963.137067522322,5997.165315755208,0.007884058582072126
2025-01-02,2658.89990234375,5868.5498046875,0.011296193413755873,-0.0022238866412221947,5954.237025669643,5996.329638671875,0.007861016225740888
2025-01-03,2645.0,5942.47021484375,-0.005227689215189235,0.01259602672149196,5949.722795758928,5997.179313151041,0.008167366368464886
2025-01-06,2638.39990234375,5975.3798828125,-0.002495311023156921,0.005538045085450305,5940.485630580357,5999.121647135416,0.008225666405726596
2025-01-07,2656.699951171875,5909.02978515625,0.006936040594857751,-0.01110391288210788,5922.119907924107,5997.798974609375,0.008427740927131264
2025-01-08,2664.5,5918.25,0.002935991633034929,0.001560360190925314,5914.607073102678,5996.095979817708,0.00840637140103491
2025-01-09,2683.800048828125,5918.25,0.007243403575952323,0.0,5916.222795758928,5993.791975911458,0.00838388280286905
2025-01-10,2708.5,5827.0400390625,0.009203349997202626,-0.01541164380306681,5908.424246651785,5987.305647786458,0.008736320367080868
2025-01-13,2673.5,5836.22021484375,-0.012922281705741168,0.0015754440882007614,5903.805733816965,5981.888313802084,0.00873323600516334
2025-01-14,2677.5,5842.91015625,0.0014961660744343686,0.0011462798112440442,5889.582868303572,5975.57265625,0.008656633793699776
2025-01-15,2712.5,5949.91015625,0.013071895424836555,0.018312792279639112,5885.9443359375,5972.331331380208,0.009334274374865219
2025-01-16,2746.39990234375,5937.33984375,0.012497659850230436,-0.0021126894641922966,5889.988630022322,5968.579996744792,0.009337021033080166
2025-01-17,2744.300048828125,5996.66015625,-0.0007645840337501264,0.009991058969353706,5901.190080915178,5965.585660807292,0.00946044308565417
2025-01-21,2755.0,6049.240234375,0.0038989727732010593,0.008768227105582893,5919.902971540178,5964.72333984375,0.009603753588322158
2025-01-22,2767.60009765625,6086.3701171875,0.0045735381692377786,0.006137941522227575,5956.950125558035,5964.593343098958,0.009660522145564279
2025-01-23,2763.10009765625,6118.7099609375,-0.0016259574509376318,0.00531348622041139,5997.305803571428,5966.788671875,0.009634709330765533
2025-01-24,2777.300048828125,6101.240234375,0.005139137443453512,-0.002855132319398823,6034.210100446428,5968.999674479167,0.009633418107352838
2025-01-27,2737.5,6012.27978515625,-0.014330482169155112,-0.014580715690809543,6043.120047433035,5966.602669270834,0.00989353848872109
2025-01-28,2766.800048828125,6067.7001953125,0.010703214183789944,0.009217869449967608,6061.742954799107,5967.151009114584,0.009995353776587439
2025-01-29,2769.10009765625,6039.31005859375,0.0008313028724642457,-0.004678895760321544,6067.835797991072,5966.758349609375,0.010034027457254732
2025-01-30,2823.0,6071.169921875,0.019464772107505413,0.005275414405311762,6070.968610491072,5966.661344401042,0.010056974098242894
2025-01-31,2812.5,6040.52978515625,-0.0037194473963868546,-0.005046825754019935,6064.419991629465,5966.325341796875,0.010075081819953815
2025-02-03,2833.89990234375,5994.56982421875,0.007608854166666568,-0.007608597684666707,6046.685686383928,5970.4056640625,0.008542154326266966
2025-02-04,2853.300048828125,6037.8798828125,0.006845741611526401,0.007224881828679752,6037.634207589285,5976.098990885416,0.00861764604372636
2025-02-05,2871.60009765625,6061.47998046875,0.006413643330515084,0.003908672930614365,6044.662806919643,5980.4533203125,0.008434325695490606
2025-02-06,2856.0,6083.56982421875,-0.005432545314712378,0.003644298722618622,6046.929896763393,5984.1033203125,0.008363045719843691
2025-02-07,2867.300048828125,6025.990234375,0.003956599729735721,-0.009464770111542897,6045.027064732143,5983.634993489583,0.008321394697705965
2025-02-10,2914.300048828125,6066.43994140625,0.016391727129920985,0.006712541085862833,6044.351353236607,5984.596663411458,0.008411723941632641
2025-02-11,2912.5,6068.5,-0.0006176607754746488,0.00033958278885926063,6048.347098214285,5987.852001953125,0.008139118037013985
2025-02-12,2909.0,6051.97021484375,-0.001201716738197467,-0.0027238667143857365,6056.547154017857,5992.686344401041,0.007884368317189095
2025-02-13,2925.89990234375,6115.06982421875,0.005809522978257098,0.010426292122230674,6067.574288504465,6000.46767578125,0.008011169732206258
2025-02-14,2883.60009765625,6114.6298828125,-0.014457023855674711,-7.194380749464546e-05,6075.167131696428,6008.670345052084,0.007987858166045721
2025-02-18,2931.60009765625,6129.580078125,0.01664585877875835,0.0024449877750611915,6081.740025111607,6014.907340494791,0.007707356796619118
2025-02-19,2919.39990234375,6144.14990234375,-0.004161616491367259,0.0023769693899173827,6098.619977678572,6020.5330078125,0.007665557186243503
2025-02-20,2940.0,6117.52001953125,0.007056278120620485,-0.0043341850761716705,6105.917131696428,6027.482682291667,0.007393058167777332
2025-02-21,2937.60009765625,6013.1298828125,-0.0008162933142006334,-0.01706412670256352,6098.007114955357,6030.645345052083,0.008107706259221125
2025-02-24,2947.89990234375,5983.25,0.0035061970129008913,-0.00496910650440241,6088.18994140625,6032.81201171875,0.008170104164302402
2025-02-25,2904.5,5955.25,-0.014722312080286182,-0.004679730915472358,6065.358537946428,6037.085677083333,0.007673958607487396
2025-02-26,2916.800048828125,5956.06005859375,0.004234824867662246,0.00013602428004699796,6042.705705915178,6041.080338541667,0.007673146705155033
2025-02-27,2883.199951171875,5861.56982421875,-0.011519506683274172,-0.015864553655509872,6004.418526785715,6041.702327473959,0.008246607775544342
2025-02-28,2836.800048828125,5954.5,-0.016093196146486743,0.01585414463498891,5977.32568359375,6041.855322265625,0.008070098423303128
2025-03-03,2890.199951171875,5849.72021484375,0.018823992323959926,-0.0175967394669998,5939.068568638393,6038.93466796875,0.00868536374889428
2025-03-04,2909.60009765625,5778.14990234375,0.006712389043017186,-0.012234826602200433,5905.5,6031.650992838541,0.0087111413656079
2025-03-05,2915.300048828125,5842.6298828125,0.0019590153218878026,0.011159277893187936,5885.411411830357,6024.763981119791,0.008815796938254877
2025-03-06,2916.60009765625,5738.52001953125,0.0004459399740508463,-0.017819007085749905,5854.449986049107,6013.168977864583,0.009211827724843635
2025-03-07,2904.699951171875,5770.2001953125,-0.00408014334702167,0.00552061780274804,5827.898577008928,6001.551985677083,0.009217511069638133
2025-03-10,2891.0,5614.56005859375,-0.0047164772273115,-0.0269730913054258,5792.611467633928,5985.329313151042,0.010291788070855467
2025-03-11,2912.89990234375,5572.06982421875,0.007575199703822255,-0.007567865323653167,5737.978585379465,5970.655647786459,0.010090676782694239
2025-03-12,2939.10009765625,5599.2998046875,0.008994540214519287,0.004886869929446425,5702.204241071428,5955.042301432291,0.009947482823258958
2025-03-13,2984.300048828125,5521.52001953125,0.015378840349098422,-0.013890984206835322,5665.542829241072,5937.782633463542,0.01015309043456432
2025-03-14,2994.5,5638.93994140625,0.003417870524071498,0.021265869083087807,5636.444266183035,5923.374967447917,0.010984576084878414
2025-03-17,3000.0,5675.1201171875,0.0018367006177992806,0.006416130719105961,5627.387137276785,5911.194645182291,0.011088222953742658
2025-03-18,3035.10009765625,5614.66015625,0.011700032552083295,-0.010653512117636543,5605.167131696428,5898.530989583333,0.011154895216303917
2025-03-19,3035.89990234375,5675.2900390625,0.000263518388773365,0.010798495567894584,5613.842843191965,5886.444661458333,0.011276542395292443
2025-03-20,3040.0,5662.89013671875,0.0013505378267197887,-0.0021848931523151816,5626.817173549107,5873.158333333334,0.01122117575050688
2025-03-21,3018.199951171875,5667.56005859375,-0.007171068693462179,0.0008246534476661349,5636.568638392857,5859.291341145833,0.011182245124550808
2025-03-24,3013.10009765625,5767.56982421875,-0.0016897003505831343,0.017646000146633645,5671.718610491072,5850.677327473958,0.01166799276855748
2025-03-25,3023.699951171875,5776.64990234375,0.003517922794489925,0.0015743334544251475,5691.391462053572,5841.017659505208,0.011582291129225566
2025-03-26,3020.89990234375,5712.2001953125,-0.000926033956193284,-0.011156934922627149,5696.688616071428,5829.140999348959,0.011706615297586065
2025-03-27,3060.199951171875,5693.31005859375,0.013009384653107636,-0.003306980860763864,5707.92431640625,5817.185660807291,0.011708431038760465
2025-03-28,3086.5,5580.93994140625,0.008594225621777918,-0.01973722070834405,5694.445731026785,5799.381331380208,0.011900936746210967
2025-03-31,3122.800048828125,5611.85009765625,0.011760910036651584,0.005538521570653376,5687.154296875,5782.622005208334,0.011991838364100987
2025-04-01,3118.89990234375,5633.06982421875,-0.0012489260994595908,0.0037812354559083605,5682.227120535715,5766.071663411459,0.012014399737769747
2025-04-02,3139.89990234375,5670.97021484375,0.006733143306144385,0.006728194715792668,5668.427176339285,5750.299007161459,0.01210425445813536
2025-04-03,3097.0,5396.52001953125,-0.013662824828182485,-0.04839563335990149,5614.122907366072,5726.265673828125,0.014714148736871144
2025-04-04,3012.0,5074.080078125,-0.02744591540200192,-0.05974960534553109,5522.962890625,5694.964013671875,0.017762513576415877
2025-04-07,2951.300048828125,5062.25,-0.020152706232362205,-0.0023314724921273955,5432.811453683035,5664.264013671875,0.017771697854025936
2025-04-08,2968.39990234375,4982.77001953125,0.00579400712659317,-0.015700524562941354,5347.358607700893,5631.848014322916,0.017869920978744003
2025-04-09,3056.5,5456.89990234375,0.029679322380616213,0.09515387644904849,5325.222865513393,5615.209342447916,0.02567036941417152
2025-04-10,3155.199951171875,5268.0498046875,0.0322918210933667,-0.03460757958472693,5273.0771484375,5595.425341796875,0.02622638531891694
2025-04-11,3222.199951171875,5363.35986328125,0.02123478734687345,0.018092095201708958,5229.1328125,5575.720670572917,0.02628564210873686
2025-04-14,3204.800048828125,5405.97021484375,-0.005400007016144959,0.007944712390868913,5230.482840401785,5560.92900390625,0.026215149959116477
2025-04-15,3218.699951171875,5396.6298828125,0.004337213595847489,-0.0017277808903947145,5276.561383928572,5548.211669921875,0.02614793505339795
2025-04-16,3326.60009765625,5275.7001953125,0.03352289685936416,-0.0224083715440897,5307.054268973215,5529.314013671875,0.026285511386234438
2025-04-17,3308.699951171875,5282.7001953125,-0.005380913232397977,0.0013268380955802073,5349.901436941965,5514.12001953125,0.026147076436417675
2025-04-21,3406.199951171875,5158.2001953125,0.029467767231497577,-0.023567493023827546,5307.230050223215,5493.72001953125,0.02638037903971535
2025-04-22,3400.800048828125,5287.759765625,-0.0015853157246075167,0.025117204723895226,5310.045758928572,5482.826676432292,0.026489320651568445
2025-04-23,3276.300048828125,5375.85986328125,-0.03660903264303972,0.01666113847096007,5311.831473214285,5476.286344401042,0.026671811642534387
2025-04-24,3332.0,5484.77001953125,0.017000869988021305,0.020259113708281262,5323.088588169643,5472.468684895834,0.02693232486267496
2025-04-25,3282.39990234375,5525.2099609375,-0.014885983690351101,0.007373133469998461,5341.457170758928,5472.591682942709,0.026843141495765072
2025-04-28,3332.5,5528.75,0.015263252238240987,0.0006407067039131409,5377.607142857143,5468.918684895833,0.026551936914785194
2025-04-29,3318.800048828125,5560.830078125,-0.0041110131048387455,0.005802410694099036,5417.339983258928,5465.109016927084,0.026546802556017688
2025-04-30,3305.0,5569.06005859375,-0.004158144095784855,0.00147999135976562,5476.034249441965,5463.589013671875,0.026476624917816084
2025-05-01,3210.0,5604.14013671875,-0.02874432677760963,0.006299102138585644,5521.2314453125,5461.217350260416,0.02642640730034833
2025-05-02,3231.89990234375,5686.669921875,0.006822399484034181,0.01472657412963474,5565.632882254465,5462.010009765625,0.026560163701716925
2025-05-05,3311.300048828125,5650.3798828125,0.024567637885936522,-0.006381597588933863,5589.291434151785,5461.437337239583,0.026589472105417306
2025-05-06,3411.39990234375,5606.91015625,0.03022977442079,-0.007693239651855532,5600.962890625,5456.082014973958,0.02641926725716204
2025-05-07,3381.39990234375,5631.27978515625,-0.008794043752944014,0.00434635623313584,5615.610002790178,5451.236344401042,0.026432010625634366
2025-05-08,3296.60009765625,5663.93994140625,-0.025078312869389552,0.005799775094835535,5630.339983258928,5449.627669270833,0.026377873777487876
2025-05-09,3335.39990234375,5659.91015625,0.011769642522029056,-0.0007114809122162891,5643.318568638393,5448.514339192709,0.02637074320824281
2025-05-12,3220.0,5844.18994140625,-0.03459852063396052,0.032558782749008364,5677.611397879465,5457.289339192708,0.02673772334772186
2025-05-13,3240.300048828125,5886.5498046875,0.0063043629901009535,0.0072482009835321826,5706.165666852678,5466.44599609375,0.02674761358600219
2025-05-14,3181.39990234375,5892.580078125,-0.01817737419276233,0.001024415597859818,5740.765694754465,5475.096337890625,0.02674578928011486
2025-05-15,3220.699951171875,5916.93017578125,0.012353067842610033,0.004132332074135769,5785.054268973215,5483.295003255208,0.026733637901157396
2025-05-16,3182.0,5958.3798828125,-0.012016006383268829,0.007005272294898557,5831.782854352678,5502.023665364583,0.025007499703097586
2025-05-19,3228.89990234375,5963.60009765625,0.01473912707220304,0.0008761131291423752,5874.591448102678,5531.674332682292,0.02197737950027822
2025-05-20,3280.300048828125,5940.4599609375,0.015918779782261305,-0.0038802294486252054,5914.669991629465,5560.947998046875,0.021998521801593875
2025-05-21,3309.300048828125,5844.60986328125,0.008840654686561367,-0.01613513066101424,5914.72998046875,5589.675992838542,0.022013152550545825
2025-05-22,3292.300048828125,5842.009765625,-0.0051370379685032885,-0.00044487103794299543,5908.367117745535,5602.51298828125,0.014089444383526923
2025-05-23,3363.60009765625,5802.81982421875,0.021656607165408293,-0.006708297825321674,5895.544224330357,5620.338655598958,0.012381694226475162
2025-05-27,3299.10009765625,5921.5400390625,-0.0191758824257805,0.0204590558452733,5896.202776227678,5638.944661458333,0.012486290096941717
2025-05-28,3293.60009765625,5888.5498046875,-0.0016671212867737095,-0.005571225417268844,5886.22705078125,5655.030647786459,0.012559561193275375
2025-05-29,3317.10009765625,5912.169921875,0.007135049581982633,0.004011194261904327,5878.8798828125,5672.215315755208,0.012529837959160075
2025-05-30,3288.89990234375,5911.68994140625,-0.008501460457109866,-8.118516130162234e-05,5874.769880022322,5693.414973958334,0.0115888966811143
2025-06-02,3370.60009765625,5935.93994140625,0.024841192416430236,0.0041020419271569075,5887.817034040178,5715.189632161459,0.01157900331007944
2025-06-03,3350.199951171875,5970.3701171875,-0.006052378179944973,0.005800290454605506,5906.154227120535,5742.261962890625,0.010347584432588992
2025-06-04,3373.5,5970.81005859375,0.006954823344193173,7.36874595066439e-05,5930.15283203125,5765.030305989583,0.009650116590666518
2025-06-05,3350.699951171875,5939.2998046875,-0.0067585738337409,-0.005277383403094138,5932.68994140625,5783.811637369791,0.009495613361050549
2025-06-06,3322.699951171875,6000.35986328125,-0.008356462950437349,0.010280683010067904,5948.662806919643,5800.997965494792,0.00904786598169111
2025-06-09,3332.10009765625,6005.8798828125,0.002829068715957783,0.0009199480792858594,5962.049944196428,5817.020296223958,0.009017920447221528
2025-06-10,3320.89990234375,6038.81005859375,-0.0033613021770798612,0.00548298940767844,5980.2099609375,5834.022298177083,0.009020840559678257
2025-06-11,3321.300048828125,6022.240234375,0.0001204933891842952,-0.002743888954607865,5992.53857421875,5849.40263671875,0.009063637089896912
2025-06-12,3380.89990234375,6045.259765625,0.01794473628983151,0.0038224199557175265,6003.237095424107,5865.275960286458,0.009062854801116302
2025-06-13,3431.199951171875,5976.97021484375,0.014877710160320134,-0.011296379879250695,6004.117117745535,5877.703629557292,0.009390559418811019
2025-06-16,3396.39990234375,6033.10986328125,-0.010142238669664128,0.009392659896159117,6017.5185546875,5889.251627604167,0.009193468304798152
2025-06-17,3386.60009765625,5982.72021484375,-0.002885350656363417,-0.008352184790166306,6014.998604910715,5900.329638671875,0.009262302295550955
2025-06-18,3389.800048828125,5980.8701171875,0.0009448860448830754,-0.0003092402101070313,6011.42578125,5912.794970703125,0.009093841983521563
2025-06-20,3368.10009765625,5967.83984375,-0.006401543117381503,-0.002178658486505891,6001.287179129465,5924.013639322917,0.009118588939408043
2025-06-23,3377.699951171875,6025.169921875,0.00285022809218316,0.009606504133156335,6001.705705915178,5936.054638671875,0.009199749921476527
2025-06-24,3317.39990234375,6092.18017578125,-0.017852399472962133,0.01112172017970181,6008.408621651785,5950.463639322917,0.009327678717071073
2025-06-25,3327.10009765625,6092.16015625,0.0029240355694371,-3.2861029504172024e-06,6024.864327566965,5958.729313151041,0.007405552799739373
2025-06-26,3333.5,6141.02001953125,0.0019235677184039623,0.008020121275230219,6040.280064174107,5967.211653645833,0.00742783538019083
2025-06-27,3273.699951171875,6173.06982421875,-0.017939117692552853,0.005218970885222163,6067.472865513393,5976.561311848958,0.007459187747785512
2025-06-30,3294.39990234375,6204.9501953125,0.006323105807074736,0.005164427424532603,6099.484305245535,5986.161979166666,0.007473740322032787
2025-07-01,3336.699951171875,6198.009765625,0.012839986061810915,-0.001118531087121899,6132.36572265625,5994.149641927083,0.007418579469821941
2025-07-02,3348.0,6227.419921875,0.00338659423786547,0.004745096791088033,6161.258579799107,6002.943636067708,0.007443792474299527
2025-07-03,3331.60009765625,6279.35009765625,-0.0048984176653972256,0.008338955206607324,6187.997140066965,6014.239973958333,0.007475141840746779
2025-07-04,3332.5,6279.35009765625,0.0002701111530112321,0.0,6214.738560267857,6028.731315104166,0.006671684907884052
2025-07-07,3332.199951171875,6229.97998046875,-9.003715772692988e-05,-0.007862297279128794,6227.447126116072,6041.663655598958,0.0069143846017522175
2025-07-08,3307.0,6225.52001953125,-0.007562556731630865,-0.0007158868810946961,6234.940011160715,6055.753662109375,0.006733284843026608
2025-07-09,3311.60009765625,6263.259765625,0.0013910183417751298,0.0060621034026635545,6243.269949776785,6067.144319661458,0.005855259450896924
2025-07-10,3317.39990234375,6280.4599609375,0.0017513602235985637,0.0027462050044453346,6255.048549107143,6080.207991536458,0.0056842818361915615
2025-07-11,3356.0,6259.75,0.011635648035372315,-0.0032975229626984737,6259.667131696428,6091.793994140625,0.00575859526888462
2025-07-14,3351.5,6268.56005859375,-0.001340882002383803,0.001407413809457303,6258.125697544643,6103.689664713542,0.005747140555753213
2025-07-15,3329.800048828125,6243.759765625,-0.0064746982461211244,-0.003956298214731202,6253.041364397322,6113.950325520834,0.0058318310407945075
2025-07-16,3352.5,6263.7001953125,0.006817211495886655,0.003193657417327689,6257.858537946428,6123.727994791667,0.005787935102418012
2025-07-17,3340.10009765625,6297.35986328125,-0.003698703159955241,0.00537376740890938,6268.121372767857,6134.61298828125,0.005820028422313702
2025-07-18,3353.0,6296.7900390625,0.0038621304651325072,-9.048620868445933e-05,6272.911411830357,6146.529329427083,0.005678061076631606
2025-07-21,3401.89990234375,6305.60009765625,0.014583925542424714,0.001399134882868358,6276.502859933035,6156.70400390625,0.005456804612517927
2025-07-22,3439.199951171875,6309.6201171875,0.010964475704422494,0.0006375316336257875,6283.627162388393,6166.828678385416,0.005458386062870628
2025-07-23,3394.10009765625,6358.91015625,-0.013113472364483347,0.007811886951519131,6296.534319196428,6177.498681640625,0.005530709397587318
2025-07-24,3371.0,6363.35009765625,-0.006805956510299027,0.0006982236416543941,6313.61865234375,6188.869010416666,0.0054698956476424525
2025-07-25,3334.0,6388.64013671875,-0.010975971521803629,0.00397432777929585,6331.467215401785,6200.315022786458,0.005471851927137023
2025-07-28,3309.10009765625,6389.77001953125,-0.007468477007723462,0.00017685810881817865,6344.668666294643,6214.075016276041,0.004890880319010997
2025-07-29,3323.39990234375,6370.85986328125,0.00432135754902907,-0.002959442388724254,6355.250069754465,6225.333349609375,0.004786809109537423
2025-07-30,3295.800048828125,6362.89990234375,-0.008304704316853595,-0.0012494327466496813,6363.435756138393,6238.006005859375,0.004428120588023342
2025-07-31,3293.199951171875,6339.39013671875,-0.0007889124393861691,-0.0036948193411530106,6367.688616071428,6249.956673177084,0.004532629028604022
2025-08-01,3347.699951171875,6238.009765625,0.01654925325156964,-0.015992133140148468,6350.417131696428,6258.962337239584,0.005553425960932743
2025-08-04,3374.39990234375,6329.93994140625,0.007975610586763882,0.01473710033091602,6345.644252232143,6269.121337890625,0.0058812584674623435
2025-08-05,3381.89990234375,6299.18994140625,0.00222261741851959,-0.004857865996303334,6332.865652901785,6276.021663411459,0.005716361155213796
2025-08-06,3380.0,6345.06005859375,-0.0005617855047789222,0.007281907295092482,6326.478515625,6284.45166015625,0.005820343258238522
2025-08-07,3400.300048828125,6340.0,0.006005931605954196,-0.0007974800154801898,6322.069963727678,6291.084326171875,0.005694378092098739
2025-08-08,3439.10009765625,6389.4501953125,0.011410772070393316,0.007799715348974834,6325.862862723215,6298.297005208334,0.00577795464771825
2025-08-11,3353.10009765625,6373.4501953125,-0.025006541699268636,-0.0025041278217863283,6330.728585379465,6303.913671875,0.005764540890991246
2025-08-12,3348.89990234375,6445.759765625,-0.0012526304584333792,0.01134543584661274,6360.407156808035,6312.172005208334,0.0060551584982361465
2025-08-13,3358.699951171875,6466.580078125,0.002926348685807545,0.0032300788824048965,6379.927176339285,6320.144010416667,0.006031924543394905
2025-08-14,3335.199951171875,6468.5400390625,-0.006996754798475169,0.00030309080129242716,6404.120047433035,6326.450341796875,0.005884007286594655
2025-08-15,3336.0,6449.7998046875,0.00023988031897270723,-0.0028971350972291088,6419.082868303572,6332.131998697917,0.005924732923133708
2025-08-18,3331.699951171875,6449.14990234375,-0.0012889834616681695,-0.00010076318078544588,6434.675711495535,6339.437662760417,0.005693401883707761
2025-08-19,3313.39990234375,6411.3701171875,-0.00549270615491293,-0.005858103118756786,6437.80712890625,6345.632666015625,0.00582791792605611
2025-08-20,3343.39990234375,6395.77978515625,0.009054144046657164,-0.0024316693228262354,6440.9970703125,6350.05,0.005779503475549001
2025-08-21,3336.89990234375,6370.169921875,-0.0019441287880170854,-0.004004181529308926,6430.198521205357,6353.04033203125,0.005828863032679745
2025-08-22,3374.39990234375,6466.91015625,0.011237975695243652,0.015186444876893468,6430.245675223215,6359.945670572916,0.006366863466554128
2025-08-25,3373.800048828125,6439.31982421875,-0.00017776598298513413,-0.004266385548063467,6426.071358816965,6365.637662760417,0.006441416645300789
2025-08-26,3388.60009765625,6465.93994140625,0.00438675932596122,0.004133995191134998,6428.377092633928,6373.043668619792,0.006399604725345117
2025-08-27,3404.60009765625,6481.39990234375,0.004721713846100206,0.0023909843081744153,6432.984235491072,6380.300325520833,0.006392595541110963
2025-08-28,3431.800048828125,6501.85986328125,0.007989176523433672,0.0031567194195349924,6445.911342075893,6387.1169921875,0.0063548970649523785
2025-08-29,3473.699951171875,6460.259765625,0.012209307578411543,-0.00639818429357164,6455.122767857143,6392.565983072916,0.006497879722130654
2025-09-02,3549.39990234375,6415.5400390625,0.02179231143620708,-0.006922279936861564,6461.604213169643,6396.230647786459,0.00665055453772023
2025-09-03,3593.199951171875,6448.259765625,0.012340127918300414,0.0051000736279842585,6458.939871651785,6400.851969401042,0.006701190258757482
2025-09-04,3565.800048828125,6502.080078125,-0.007625487786955487,0.008346486409699372,6467.905622209822,6405.624300130208,0.006721307412736031
2025-09-05,3613.199951171875,6481.5,0.01329292211977151,-0.003165152978388819,6470.128487723215,6409.562630208334,0.0067595182866187035
2025-09-08,3638.10009765625,6495.14990234375,0.0068914388411576155,0.0021059789159529885,6472.0927734375,6413.112955729167,0.00673626213605596
2025-09-09,3643.300048828125,6512.60986328125,0.0014293040412012292,0.0026881536531127015,6473.628487723215,6417.2076171875,0.006746762619192354
2025-09-10,3643.60009765625,6532.0400390625,8.235633192543723e-05,0.002983469943562689,6483.8828125,6422.580289713542,0.0067241281651695675
2025-09-11,3636.89990234375,6587.47021484375,-0.001838894261971813,0.008485890387959882,6508.444266183035,6430.065966796875,0.0068527512043429495
2025-09-12,3649.39990234375,6584.2900390625,0.00343699313581447,-0.00048276131466740146,6527.877162388393,6438.229296875,0.006798848619151184
2025-09-15,3682.199951171875,6615.27978515625,0.008987792433232666,0.004706619226962694,6544.048549107143,6450.804964192708,0.005986673508895951
2025-09-16,3688.89990234375,6606.759765625,0.0018195511543968035,-0.0012879303382402618,6561.942801339285,6460.032291666666,0.005504331174723777
2025-09-17,3681.800048828125,6600.35009765625,-0.0019246533393638687,-0.0009701681605103207,6576.971400669643,6470.070963541667,0.005395578550120017
2025-09-18,3643.699951171875,6631.9599609375,-0.010348225637178965,0.004789119185128365,6594.021414620535,6479.634293619792,0.005323322911555917
2025-09-19,3671.5,6664.35986328125,0.007629620770278844,0.004885418870829605,6612.924246651785,6490.4462890625,0.005340243883890967
2025-09-22,3740.699951171875,6693.75,0.01884786903768898,0.004410046474333074,6628.107073102678,6500.589615885417,0.005241201551148352
2025-09-23,3780.60009765625,6656.919921875,0.010666492101799152,-0.005502159197012135,6638.482770647322,6510.038606770833,0.005348943757313486
2025-09-24,3732.10009765625,6637.97021484375,-0.012828651205417652,-0.002846617843333288,6641.724260602678,6516.445621744791,0.00506505450025484
2025-09-25,3736.89990234375,6604.72021484375,0.0012860868041868478,-0.0050090613431266195,6641.432896205357,6521.05029296875,0.005161977973044878
2025-09-26,3775.300048828125,6643.7001953125,0.010275936601965352,0.005901836747171263,6647.625767299107,6526.88896484375,0.005246980693068753
2025-09-29,3820.89990234375,6661.2099609375,0.012078471360118748,0.00263554421636214,6651.804338727678,6533.935970052084,0.00520583044600353
2025-09-30,3840.800048828125,6688.4599609375,0.005208235492420998,0.0040908483833717035,6655.247209821428,6541.912972005209,0.005229003219717969
2025-10-01,3867.5,6711.2001953125,0.006951663932628138,0.003399920834961989,6657.740094866072,6551.907307942708,0.005067037175724012
2025-10-02,3839.699951171875,6715.35009765625,-0.007188118636877849,0.0006183547238911569,6666.087262834822,6562.559651692708,0.005014992653368382
2025-10-03,3880.800048828125,6715.7900390625,0.010703986816393396,6.551280273581206e-05,6677.204380580357,6574.080322265625,0.004911054060169301
2025-10-06,3948.5,6740.27978515625,0.01744484392910639,0.0036465919796933033,6696.570033482143,6583.192643229167,0.004228871763976068
2025-10-07,3976.60009765625,6714.58984375,0.007116651299544197,-0.0038114057910215715,6706.697126116072,6592.368310546875,0.004208655437294193
2025-10-08,4043.300048828125,6753.72021484375,0.016773110077421993,0.0058276636405680815,6719.912876674107,6601.960986328125,0.0042576018350293544
2025-10-09,3946.300048828125,6735.10986328125,-0.02399030465921359,-0.002755570407195318,6726.5771484375,6610.417985026042,0.00432204846991907
2025-10-10,3975.89990234375,6552.509765625,0.007500659643053353,-0.02711167321141361,6703.907087053572,6612.106315104166,0.006732166709141102
2025-10-13,4108.60009765625,6654.72021484375,0.033376140891845596,0.015598671787557583,6695.245675223215,6618.588330078125,0.0071636987240511684
2025-10-14,4138.7001953125,6644.31005859375,0.007326120075161535,-0.0015643266604626893,6685.034249441965,6626.213997395834,0.007024451389061202
2025-10-15,4176.89990234375,6671.06005859375,0.009229880210824382,0.004026001159503689,6675.145717075893,6633.640673828125,0.0070065635686764
2025-10-16,4280.2001953125,6629.06982421875,0.024731330743833713,-0.006294387099829435,6662.928571428572,6637.873665364584,0.006998400691918644
2025-10-17,4189.89990234375,6664.009765625,-0.021097212477968474,0.0052707155502571545,6650.11279296875,6643.95732421875,0.007008509153510803
2025-10-20,4336.39990234375,6735.1298828125,0.03496503577998378,0.010672270853256949,6650.115652901785,6651.956656901041,0.007228289406189155
2025-10-21,4087.699951171875,6735.35009765625,-0.057351710352510854,3.2696450934288634e-05,6676.235700334822,6659.381331380208,0.007226146564721418
2025-10-22,4044.39990234375,6699.39990234375,-0.010592765943036375,-0.005337539220865439,6682.618512834822,6664.959993489583,0.007312407766310755
2025-10-23,4125.5,6738.43994140625,0.02005244278866991,0.0058273934429324825,6696.065638950893,6669.992317708334,0.0072325999016331684
2025-10-24,4118.39990234375,6791.68994140625,-0.001721027186098678,0.00790242258787388,6713.298479352678,6676.905647786459,0.0073432527948846605
2025-10-27,4001.89990234375,6875.16015625,-0.028287685208447266,0.012290050865671143,6748.454241071428,6685.568326822917,0.007599156602862259
2025-10-28,3966.199951171875,6890.89013671875,-0.008920750654199727,0.0022879438603986557,6780.86572265625,6695.039339192708,0.007584978933962006
2025-10-29,3983.699951171875,6890.58984375,0.0044122838524138785,-4.3578255173426506e-05,6803.074288504465,6704.713997395834,0.007576739728042784
2025-10-30,4001.300048828125,6822.33984375,0.00441802793181556,-0.00990481243951924,6815.501395089285,6711.059993489584,0.007825206937960986
2025-10-31,3982.199951171875,6840.2001953125,-0.004773472977074977,0.0026179217059763005,6835.61572265625,6716.921337890625,0.007797020306672779
2025-11-03,4000.300048828125,6851.97021484375,0.004545250835765735,0.0017207127269924793,6851.834333147322,6722.195345052083,0.007770664940756989
2025-11-04,3947.699951171875,6771.5498046875,-0.013149038075696118,-0.011736830084583816,6848.957170758928,6726.016341145833,0.008024483413882198
2025-11-05,3980.300048828125,6796.2900390625,0.008257997836581543,0.0036535556982648654,6837.690011160715,6731.293668619792,0.008015947084797193
2025-11-06,3979.89990234375,6720.31982421875,-0.00010053173867952125,-0.011178189042419073,6813.322823660715,6735.146988932292,0.008246384472771899
2025-11-07,3999.39990234375,6728.7998046875,0.004899620713705977,0.0012618418007710464,6790.2099609375,6737.983642578125,0.00818704086452895
2025-11-10,4111.7998046875,6832.43017578125,0.02810419190086022,0.01540101862170995,6791.651436941965,6743.690983072916,0.008624241414202805
2025-11-11,4106.7998046875,6846.60986328125,-0.0012160125097286922,0.002075350517340535,6792.567103794643,6748.962646484375,0.008606217645764474
2025-11-12,4204.39990234375,6850.919921875,0.023765487069725033,0.0006295171887717999,6792.417061941965,6753.619970703125,0.008592379875734508
2025-11-13,4186.89990234375,6737.490234375,-0.004162306252134762,-0.01655685496159698,6787.551409040178,6754.357975260416,0.00915345773335823
2025-11-14,4087.60009765625,6734.10986328125,-0.02371678497303309,-0.0005017255648851471,6778.668526785715,6754.968636067709,0.009154225006017449
2025-11-17,4068.300048828125,6672.41015625,-0.004721608857772397,-0.00916226617680782,6771.824288504465,6752.706315104167,0.009282436016995271
2025-11-18,4061.300048828125,6617.31982421875,-0.0017206203859069236,-0.008256436690967983,6755.898577008928,6749.463981119791,0.009375503139404976
2025-11-19,4077.699951171875,6642.16015625,0.004038091780114161,0.0037538357962292324,6728.717145647322,6745.7453125,0.009335228077031871
2025-11-20,4056.5,6538.759765625,-0.005198997333235034,-0.015567283563270418,6684.738560267857,6739.200309244791,0.009726227634029786
2025-11-21,4076.699951171875,6602.990234375,0.0049796502334216175,0.009823035415319481,6649.320033482143,6740.882991536459,0.008567751943596666
2025-11-24,4091.89990234375,6705.1201171875,0.003728493966671742,0.015467217001293498,6644.695731026785,6742.56298828125,0.008559683148637835
2025-11-25,4139.2001953125,6765.8798828125,0.01155949414638835,0.009061696817220577,6649.234305245535,6746.615315755208,0.008699151279704708
2025-11-26,4165.2001953125,6812.60986328125,0.006281406738781081,0.006906711511012631,6669.262834821428,6751.333642578125,0.008753531368638313
2025-11-28,4218.2998046875,6849.08984375,0.012748393086785548,0.005354773163420257,6702.372837611607,6758.667643229167,0.008688994943507113
2025-12-01,4239.2998046875,6812.6298828125,0.004978309027884764,-0.005323329342915684,6726.725655691965,6763.621647135416,0.00872990093429882
2025-12-02,4186.60009765625,6829.3701171875,-0.012431229084807538,0.002457235261999813,6768.241420200893,6766.76298828125,0.008535332497423886
2025-12-03,4199.2998046875,6849.72021484375,0.0030334177459079292,0.0029797912994984355,6803.488560267857,6770.575325520834,0.008546738100329633
2025-12-04,4211.7998046875,6857.1201171875,0.0029766867290701438,0.0010803218396737702,6825.202845982143,6775.832666015625,0.00847308116834753
2025-12-05,4212.89990234375,6870.39990234375,0.0002611941942316509,0.001936641757662061,6840.13427734375,6780.231331380209,0.008423276400308056
2025-12-08,4187.2001953125,6846.509765625,-0.006100241550233032,-0.003477255626794018,6844.977120535715,6782.058658854166,0.008342706436963372
2025-12-09,4206.7001953125,6840.509765625,0.004657049840088856,-0.0008763589340257116,6843.751395089285,6780.903645833333,0.008030781764852868
2025-12-10,4196.39990234375,6886.68017578125,-0.002448544581386547,0.00674955693920154,6854.330008370535,6780.763313802084,0.008118078425522172
2025-12-11,4285.5,6901.0,0.021232508752677903,0.002079350841514227,6864.562848772322,6781.110319010417,0.00812682945556894
2025-12-12,4300.10009765625,6827.41015625,0.0034068597961147695,-0.010663649289958,6861.375697544643,6781.279329427083,0.00816009879258379
2025-12-15,4306.7001953125,6816.509765625,0.001534870702160518,-0.0015965630269072495,6855.57421875,6780.4896484375,0.008150762643782512
2025-12-16,4304.5,6800.259765625,-0.0005108772871849077,-0.0023839179519623555,6845.55419921875,6778.765966796875,0.00815388266612099
2025-12-17,4347.5,6721.43017578125,0.009989545824137469,-0.011592143912241393,6827.685686383928,6777.0953125,0.008146875742269482
2025-12-18,4339.5,6774.759765625,-0.001840138010350767,0.007934262269941872,6818.292829241072,6776.37763671875,0.008253764090745224
2025-12-19,4361.39990234375,6834.5,0.005046641858220902,0.008818059450332205,6810.838518415178,6780.183642578125,0.008132529757119885
2025-12-22,4444.60009765625,6878.490234375,0.019076488553088078,0.006436496360377575,6807.622837611607,6785.173323567708,0.00820177012142474
2025-12-23,4482.7998046875,6909.7900390625,0.008594633081026481,0.004550388765703239,6819.391392299107,6787.751985677083,0.007761577284854347
2025-12-24,4480.60009765625,6932.0498046875,-0.000490699368048908,0.0032214822012188726,6835.897112165178,6790.599983723959,0.007772897487500001
2025-12-26,4529.10009765625,6929.93994140625,0.010824442919012078,-0.00030436354912266594,6854.4228515625,6793.233984375,0.007773993684249986
2025-12-29,4325.10009765625,6905.740234375,-0.04504206036549452,-0.00349205148036813,6880.752859933035,6798.842317708333,0.007129913029157226
2025-12-30,4370.10009765625,6896.240234375,0.010404383478751278,-0.0013756671519022934,6898.107212611607,6804.246663411458,0.007137395614021035
2025-12-31,4325.60009765625,6845.5,-0.010182833117224455,-0.007357666300846111,6899.678641183035,6810.016324869792,0.007057540291273069
2026-01-02,4314.39990234375,6858.47021484375,-0.0025892812695673673,0.0018947067188299638,6896.818638392857,6818.054671223958,0.006844618963228486
2026-01-05,4436.89990234375,6902.0498046875,0.028393288237711367,0.006354126864826393,6895.712890625,6826.717659505209,0.0068941433229531505
2026-01-06,4482.2001953125,6944.81982421875,0.010209897443217208,0.006196712678341321,6897.537179129465,6840.252994791666,0.006164111721735369
2026-01-07,4449.2998046875,6920.93017578125,-0.00734023229471259,-0.003439923431013958,6896.250069754465,6850.850992838542,0.0060605602637920355
2026-01-08,4449.7001953125,6921.4599609375,8.998958096251286e-05,7.65482590914246e-05,6898.495744977678,6858.062320963541,0.005467436229445713
2026-01-09,4490.2998046875,6966.27978515625,0.009124122433634918,0.006475487031883276,6908.501395089285,6864.742317708334,0.005356402236515998
2026-01-12,4604.2998046875,6977.27001953125,0.02538805980861092,0.001577633215136931,6927.32568359375,6870.230989583333,0.0052404362763541976
2026-01-13,4589.2001953125,6963.740234375,-0.0032794583357990126,-0.0019391230550597216,6942.3642578125,6874.052669270834,0.0051912652749026645
2026-01-14,4626.2998046875,6926.60009765625,0.00808411221913885,-0.005333360445499591,6945.871442522322,6877.851676432291,0.005191658033301823
2026-01-15,4616.2998046875,6944.47021484375,-0.0021615546813174014,0.0025799262171273263,6945.821498325893,6881.688346354166,0.0051932471134434385
2026-01-16,4588.39990234375,6940.009765625,-0.00604378041378939,-0.0006423023039563436,6948.547154017857,6884.697998046875,0.005177378505411552
2026-01-20,4759.60009765625,6796.85986328125,0.03731152448701147,-0.02062675805627745,6930.747140066965,6882.689322916666,0.006447292256040808
2026-01-21,4831.7998046875,6875.6201171875,0.01516928009704066,0.011587741323274559,6917.795758928572,6882.863330078125,0.006792919102640804
2026-01-22,4908.7998046875,6913.35009765625,0.015936090714126827,0.005487502192628835,6908.664341517857,6885.091341145833,0.006829590192823268
2026-01-23,4976.2001953125,6915.60986328125,0.013730523408316264,0.0003268698377891788,6901.78857421875,6887.594677734375,0.006825692880675547
2026-01-26,5079.7001953125,6950.22998046875,0.02079900243914934,0.005006083031276365,6905.164271763393,6889.713004557291,0.0067768969937275795
2026-01-27,5079.89990234375,6978.60009765625,3.9314727950712225e-05,0.004081896177137168,6910.039969308035,6892.299674479166,0.006804543020589072
2026-01-30,4713.89990234375,6939.02978515625,-0.07204866376031072,-0.005670236429407893,6909.899972098215,6896.020328776041,0.006582138286970726
2026-02-02,4622.5,6976.43994140625,-0.019389444883695095,0.00539126612916796,6935.554268973215,6901.351334635417,0.006626619114350135
2026-02-03,4903.7001953125,6917.81005859375,0.06083292489183334,-0.008403983020698336,6941.581403459822,6905.269677734375,0.006814674661665839
2026-02-04,4920.39990234375,6882.72021484375,0.0034055318159975645,-0.005072391906223106,6937.205705915178,6910.646012369792,0.006509788622881464
2026-02-05,4861.39990234375,6798.39990234375,-0.011990895287168901,-0.012251015567674717,6920.46142578125,6911.434016927084,0.00678550574409791
2026-02-06,4951.2001953125,6932.2998046875,0.01847210572523683,0.0196957966973359,6917.899972098215,6914.694010416667,0.007516554492994146
2026-02-09,5050.89990234375,6964.81982421875,0.020136472592168664,0.004691086716887227,6915.931361607143,6917.571663411459,0.007475672095233922
2026-02-10,5003.7998046875,6941.81005859375,-0.009325090294185823,-0.003303712975458173,6916.328543526785,6918.638997395833,0.007464383548761661
2026-02-11,5071.60009765625,6941.47021484375,0.013549761304446184,-4.895607156218951e-05,6911.332868303572,6918.953011067709,0.007442297469059334
2026-02-12,4923.7001953125,6832.759765625,-0.029162374693560533,-0.01566101212770199,6899.182826450893,6915.713671875,0.007977928616591232
2026-02-13,5022.0,6836.169921875,0.019964620262842958,0.0004990891480125548,6892.532784598215,6913.394661458334,0.007958529392000459
2026-02-17,4882.89990234375,6843.22021484375,-0.027698147681451624,0.0010313220779065713,6898.935686383928,6911.627327473959,0.007959514861117171
2026-02-18,4986.5,6881.31005859375,0.021216920217128177,0.005566070147410729,6891.651436941965,6912.82099609375,0.00790982965776596
2026-02-19,4975.89990234375,6861.89013671875,-0.0021257590807680637,-0.0028221256867719813,6876.947195870535,6912.934993489584,0.007921938788647134
2026-02-20,5059.2998046875,6909.509765625,0.016760767696405443,0.006939724763506794,6872.332868303572,6913.183658854166,0.007938719334500714
2026-02-23,5204.7001953125,6837.75,0.028739231956620648,-0.010385652247284827,6857.515694754465,6909.614664713542,0.008073322974721504
2026-02-24,5155.7998046875,6890.06982421875,-0.009395428898871239,0.0076516140863223114,6865.702845982143,6908.585986328125,0.008186567941146533
2026-02-26,5176.5,6908.85986328125,0.0040149338796435785,0.002727118816191476,6876.087123325893,6908.165983072917,0.008203009658771567
2026-03-03,5107.39990234375,6816.6298828125,-0.01334880665628324,-0.01334952253973598,6872.288504464285,6903.177652994792,0.008455670253737889
2026-03-04,5120.2001953125,6869.5,0.002506224931178025,0.007756049264286302,6870.601353236607,6899.585319010416,0.008587000971704822
2026-03-05,5065.2998046875,6830.7099609375,-0.010722313294558417,-0.005646704863891072,6866.147042410715,6895.1509765625,0.00863522474790662
2026-03-06,5146.10009765625,6740.02001953125,0.015951729627923683,-0.013276795812569242,6841.934221540178,6888.931640625,0.008902797132157034
2026-03-09,5091.5,6795.990234375,-0.010609995262454652,0.008304161513105202,6835.968540736607,6883.982307942709,0.009039608549087648
2026-03-11,5167.39990234375,6775.7998046875,0.014907179091377731,-0.0029709327104936456,6819.644252232143,6878.508642578125,0.009049260971868775
2026-03-12,5115.7998046875,6672.6201171875,-0.009985698539191068,-0.015227676506708532,6785.895717075893,6874.367317708334,0.008686928802592196
2026-03-13,5052.5,6632.18994140625,-0.012373393624492413,-0.006059115470564369,6759.547154017857,6866.252978515625,0.00842833396420541
2026-03-16,4994.0,6699.3798828125,-0.011578426521523966,0.010130883162251969,6735.244280133928,6859.120638020833,0.008595716169883116
2026-03-17,5001.0,6716.08984375,0.0014016820184221679,0.0024942548757938,6718.869977678572,6852.469970703125,0.008616437967695628
2026-03-18,4889.89990234375,6624.7001953125,-0.02221557641596683,-0.013607567880073446,6702.395717075893,6841.618977864583,0.008840795156789144
2026-03-19,4600.7001953125,6606.490234375,-0.059142255016843004,-0.002748797741878972,6675.324288504465,6829.215315755208,0.008778222297590508
2026-03-20,4570.39990234375,6506.47998046875,-0.006586017710874081,-0.015138182356779217,6636.850027901785,6814.796988932291,0.009087379808146376
2026-03-23,4404.10009765625,6581.0,-0.036386269963426976,0.011453200463990454,6623.761439732143,6801.615657552084,0.009324083819207112
2026-03-24,4399.2998046875,6556.3701171875,-0.0010899600059736114,-0.0037425745042546366,6612.930036272322,6789.567659505208,0.009250530503338529
2026-03-25,4549.7998046875,6591.89990234375,0.03420998947142473,0.005419124381509377,6597.575753348215,6779.873649088541,0.009318496333626679
2026-03-26,4375.5,6477.16015625,-0.03830933495313904,-0.017406172392416708,6563.442940848215,6769.165657552084,0.00956971688090766
2026-03-27,4492.0,6368.85009765625,0.026625528511027285,-0.01672184352107431,6526.892926897322,6750.384000651042,0.00907648805019386
2026-03-30,4526.0,6343.72021484375,0.0075690115761353205,-0.003945748828622642,6489.354352678572,6729.680680338542,0.008967606207425361
2026-03-31,4647.60009765625,6528.52001953125,0.026867012297006276,0.02913114047102594,6492.5029296875,6715.904345703125,0.010722023405926574
2026-04-01,4783.2001953125,6575.31982421875,0.029176369482527553,0.007168516684867399,6491.691476004465,6703.699332682291,0.010847286043271722
2026-04-02,4651.5,6582.68994140625,-0.02753390824861668,0.0011208758485563575,6495.451450892857,6695.363671875,0.010533220965829855
2026-04-06,4656.7998046875,6611.830078125,0.0011393754030957215,0.0044267825126402816,6498.298618861607,6687.885677083334,0.010579230009320846
2026-04-07,4657.10009765625,6616.85009765625,6.44848353685834e-05,0.0007592481161695641,6518.254324776785,6680.340006510417,0.010577493973228793
2026-04-08,4749.5,6782.81005859375,0.019840651995058467,0.025081414644149813,6577.391462053572,6677.056673177083,0.011554448060886615
2026-04-09,4792.2001953125,6824.66015625,0.008990461166964892,0.006170023529293189,6646.09716796875,6675.815673828125,0.01160639981393038
2026-04-10,4761.89990234375,6816.89013671875,-0.0063228353853806984,-0.0011385210916523558,6687.292898995535,6672.728352864583,0.011530509644622872
2026-04-13,4742.39990234375,6886.240234375,-0.0040950041789837854,0.010173274948748201,6731.710100446428,6674.344694010417,0.011526627942103738
2026-04-14,4825.0,6967.3798828125,0.017417362381318302,0.011782866364792755,6786.665806361607,6676.921695963541,0.011641595928482447
2026-04-15,4800.0,7022.9501953125,-0.005181347150259086,0.007975783355387733,6845.397251674107,6680.72470703125,0.011716394603640908
2026-04-16,4785.39990234375,7041.27978515625,-0.0030416870117186967,0.0026099558353673835,6906.030064174107,6688.213037109375,0.01141915028477689
2026-04-17,4857.60009765625,7126.06005859375,0.015087599111024863,0.012040463669150903,6955.065778459822,6696.7650390625,0.01153093691474908
2026-04-20,4806.60009765625,7109.14013671875,-0.010499011646637357,-0.002374372617670484,6995.705775669643,6706.046044921875,0.011478442814479697
2026-04-21,4698.39990234375,7064.009765625,-0.022510754611198003,-0.006348217959672997,7031.008579799107,6716.845703125,0.011240267730619051
2026-04-23,4705.10009765625,7108.39990234375,0.0014260589672576707,0.006283985751939669,7062.745675223215,6727.259358723958,0.011204882305674853
2026-04-29,4545.2001953125,7135.9501953125,-0.03398437844572122,0.003875737626925835,7086.8271484375,6739.264371744792,0.011179116278909534
